Date,USD,GBP,EURO,YEN
11/6/2013,61.9225,99.5961,83.6375,62.81
11/7/2013,62.574,100.6252,84.6225,63.46
11/8/2013,62.7315,100.9224,84.0625,63.94
11/11/2013,63.2955,101.3614,84.595,63.97
11/12/2013,63.593,101.558,85.1515,63.85
11/13/2013,63.6545,101.1661,85.5502,63.94
11/14/2013,63.0645,101.1492,84.9475,63.31
11/18/2013,62.625,101.0642,84.555,62.59
11/19/2013,62.2311,100.1796,84.0585,62.32
11/20/2013,62.558,100.7747,84.7104,62.51
11/21/2013,62.8895,101.1389,84.418,62.45
11/22/2013,63.0236,102.0415,84.9199,62.37
11/25/2013,62.577,101.4248,84.7,61.43
11/26/2013,62.447,100.8644,84.504,61.51
11/27/2013,62.3625,101.1083,84.6755,61.43
11/28/2013,62.3896,101.8011,84.7547,61.1
11/29/2013,62.3948,102.0592,84.9755,60.97
12/2/2013,62.226,102.1378,84.641,60.74
12/3/2013,62.3443,102.0639,84.457,60.38
12/4/2013,62.333,102.1825,84.6848,60.77
12/5/2013,61.6895,101.0782,84.069,60.44
12/6/2013,61.6673,100.6472,84.2546,60.4
12/9/2013,61.1785,100.0146,83.8195,59.38
12/10/2013,61.207,100.6488,84.151,59.29
12/11/2013,61.3313,100.7919,84.378,59.72
12/12/2013,61.62,100.835,84.982,60.03
12/13/2013,62.1266,101.5335,85.4135,59.9
12/16/2013,62.1024,101.2704,85.4284,60.4
12/17/2013,61.958,101.1402,85.3345,60.17
12/18/2013,61.9176,100.8328,85.2692,60.16
12/19/2013,62.38,102.1535,85.2945,59.98
12/20/2013,62.242,101.8092,84.8774,59.59
12/23/2013,61.9915,101.3747,84.818,59.58
12/24/2013,61.8668,101.1027,84.651,59.37
12/26/2013,61.9755,101.4911,84.7925,59.15
12/27/2013,62.0595,102.032,85.2748,59.23
12/30/2013,62.0028,102.1682,85.1855,58.86
12/31/2013,61.897,102.0094,85.3635,58.97
1/1/2014,61.9335,102.3885,85.1235,58.83
1/2/2014,61.902,102.7418,85.1556,58.79
1/3/2014,62.4075,102.5355,85.195,59.9
1/6/2014,62.3265,101.9911,84.6151,59.73
1/7/2014,62.379,102.2454,84.972,59.71
1/8/2014,62.243,102.1719,84.8185,59.34
1/9/2014,62.181,102.3126,84.496,59.29
1/10/2014,61.936,102.0643,84.305,59.01
1/13/2014,61.52,101.4772,84.111,59.49
1/15/2014,61.5885,101.0914,83.9915,58.99
1/16/2014,61.5325,100.7349,83.8395,58.77
1/17/2014,61.3518,100.212,83.5223,58.78
1/20/2014,61.6345,101.2532,83.4245,59.19
1/21/2014,61.5355,101.0844,83.375,58.87
1/22/2014,61.92,101.976,83.9267,59.3
1/23/2014,61.988,102.6707,83.9765,59.42
1/24/2014,62.177,103.3817,85.0894,60.14
1/27/2014,62.7145,103.504,85.8228,61.21
1/28/2014,62.9898,104.6135,86.1715,61.36
1/29/2014,62.2005,103.116,84.964,60.22
1/30/2014,62.7335,103.8679,85.6075,61.22
1/31/2014,62.4768,102.9493,84.6022,60.96
2/3/2014,62.6891,102.9668,84.578,61.41
2/4/2014,62.6815,101.9765,84.7805,62.12
2/5/2014,62.4525,102.0099,84.3548,61.58
2/6/2014,62.5045,101.9198,84.4994,61.59
2/7/2014,62.3155,101.7768,84.683,61.01
2/10/2014,62.193,102.1396,84.7418,60.74
2/11/2014,62.439,102.4811,85.2813,61.01
2/12/2014,62.125,102.2515,84.7215,60.6
2/13/2014,62.2725,103.4658,84.871,61.02
2/14/2014,62.277,103.6663,85.1755,61.22
2/17/2014,61.9495,104.0194,84.9485,60.97
2/18/2014,62.122,103.9301,85.168,60.51
2/20/2014,62.2843,103.8404,85.6995,61.17
2/21/2014,62.1618,103.4435,85.2685,60.66
2/24/2014,62.1185,103.3838,85.3235,60.71
2/25/2014,61.9765,103.3086,85.1435,60.51
2/26/2014,61.938,103.3126,85.1148,60.53
2/28/2014,62.072,103.6106,85.0285,60.99
3/3/2014,61.8605,103.5235,85.3085,61.01
3/4/2014,61.9045,103.2567,85.1365,60.84
3/5/2014,61.855,103.0566,84.9195,60.56
3/6/2014,61.3242,102.5402,84.1866,59.74
3/7/2014,60.985,102.0706,84.5255,59.22
3/10/2014,61.1965,102.3511,84.945,59.34
3/11/2014,60.6995,100.9675,84.159,58.78
3/12/2014,61.09,101.5927,84.6545,59.39
3/13/2014,61.0155,101.6518,85.0232,59.46
3/14/2014,61.517,102.2166,85.2265,60.57
3/18/2014,60.9453,101.3703,84.8917,59.9
3/19/2014,61.097,101.4149,85.0792,60.18
3/20/2014,61.131,101.1718,84.5925,59.76
3/21/2014,61.0465,100.8061,84.1755,59.64
3/24/2014,60.703,100.1053,83.807,59.26
3/25/2014,60.4935,99.7719,83.6745,59.17
3/26/2014,60.1725,99.3929,83.0915,58.81
3/27/2014,60.1295,99.6466,82.906,58.81
3/28/2014,60.0998,99.8498,82.5765,58.83
4/2/2014,59.6463,99.2097,82.392,57.48
4/3/2014,60.1245,100.0712,82.7412,57.87
4/4/2014,60.321,100.0363,82.6545,58.1
4/7/2014,59.9483,99.3583,82.1525,58.13
4/9/2014,60.074,100.5639,82.7896,58.88
4/10/2014,60.2115,101.0469,83.334,59.18
4/11/2014,60.267,101.0979,83.7385,59.2
4/15/2014,60.262,100.7099,83.27,59.14
4/16/2014,60.2263,100.7887,83.291,58.91
4/17/2014,60.3805,101.6325,83.5737,59.2
4/21/2014,60.335,101.405,83.3835,58.85
4/22/2014,60.7147,102.0432,83.7695,59.25
4/23/2014,61.0683,102.7657,84.486,59.51
4/25/2014,61.1163,102.7059,84.522,59.73
4/28/2014,60.5041,101.6892,83.621,59.17
4/29/2014,60.5253,101.7733,83.916,59.01
4/30/2014,60.3375,101.4515,83.306,58.93
5/2/2014,60.225,101.6839,83.459,58.77
5/5/2014,60.0475,101.3181,83.3423,58.88
5/6/2014,60.202,101.6752,83.5532,59
5/7/2014,60.0399,101.9658,83.584,59.17
5/8/2014,59.9913,101.7512,83.4805,58.96
5/9/2014,60.054,101.6534,83.0738,59.06
5/12/2014,59.729,100.8166,82.2235,58.6
5/13/2014,59.8773,100.9831,82.4035,58.55
5/15/2014,59.4745,99.7031,81.5526,58.34
5/16/2014,58.861,98.8217,80.7166,57.97
5/19/2014,58.426,98.2842,80.117,57.67
5/20/2014,58.7455,98.7747,80.5261,57.93
5/21/2014,58.7725,99.0199,80.5684,58.09
5/22/2014,58.574,98.8788,80.05,57.62
5/23/2014,58.483,98.6725,79.8058,57.57
5/26/2014,58.5873,98.661,79.814,57.48
5/27/2014,59.0585,99.614,80.6048,57.97
5/28/2014,59.077,99.2021,80.53,57.98
5/29/2014,58.8415,98.4065,80.0315,57.85
5/30/2014,59.0335,98.9106,80.335,58.1
6/2/2014,59.1385,99.0215,80.6285,58.01
6/3/2014,59.2125,99.1691,80.5645,57.88
6/4/2014,59.336,99.1801,80.764,57.76
6/5/2014,59.2973,99.3408,80.6999,57.83
6/6/2014,59.197,99.5161,80.8345,57.85
6/9/2014,59.0605,99.3457,80.616,57.65
6/10/2014,59.2647,99.6299,80.5934,57.95
6/11/2014,59.325,99.4168,80.32,57.99
6/12/2014,59.3283,99.6834,80.3036,58.13
6/13/2014,59.4783,100.9347,80.712,58.28
6/16/2014,60.0059,101.998,81.2541,58.96
6/17/2014,60.368,102.4807,81.8665,59.21
6/18/2014,60.124,102.0004,81.431,58.81
6/19/2014,60.0031,102.0473,81.7106,58.94
6/20/2014,60.2785,102.7688,82.12,59.17
6/23/2014,60.1927,102.5623,81.9065,59.05
6/24/2014,60.105,102.3228,81.752,58.94
6/25/2014,60.2785,102.2806,82.0475,59.15
6/26/2014,60.1618,102.2329,82.044,59.12
6/27/2014,60.0958,102.3972,81.882,59.27
6/30/2014,60.0933,102.3269,82.0094,59.28
7/1/2014,60.137,102.8343,82.283,59.27
7/2/2014,59.9745,102.8982,82.022,59.05
7/3/2014,59.7225,102.4539,81.5415,58.62
7/4/2014,59.7939,102.6601,81.3203,58.6
7/7/2014,59.9455,102.7826,81.3923,58.71
7/8/2014,59.7968,102.42,81.3225,58.73
7/9/2014,59.726,102.3584,81.38,58.79
7/10/2014,59.875,102.5898,81.6925,59
7/11/2014,60.1855,103.1459,81.872,59.41
7/14/2014,60.005,102.7166,81.599,59.18
7/15/2014,60.2195,102.7947,81.951,59.27
7/16/2014,60.1903,103.1361,81.656,59.19
7/17/2014,60.1401,103.0019,81.334,59.25
7/18/2014,60.33,103.1824,81.5848,59.54
7/21/2014,60.1853,102.8687,81.4821,59.45
7/22/2014,60.236,102.865,81.4414,59.32
7/23/2014,60.183,102.6842,81.0305,59.34
7/24/2014,60.002,102.1894,80.6785,59.13
7/25/2014,60.1448,102.2161,81.0173,59.11
7/28/2014,60.1013,102.04,80.7385,59
7/30/2014,60.1485,101.9216,80.636,58.9
7/31/2014,60.246,101.9242,80.6985,58.61
8/1/2014,60.851,102.6861,81.4615,59.11
8/4/2014,61.0187,102.6945,81.9061,59.41
8/5/2014,60.869,102.6738,81.6955,59.38
8/6/2014,61.336,103.437,81.963,59.8
8/7/2014,61.4123,103.4245,82.1672,60.04
8/8/2014,61.5575,103.5028,82.4125,60.64
8/11/2014,61.1165,102.5352,81.874,59.85
8/12/2014,61.1847,102.5578,81.7762,59.81
8/13/2014,61.2458,103.0154,81.899,59.91
8/14/2014,61.0583,101.8391,81.5552,59.55
8/19/2014,60.726,101.4792,81.0432,59.19
8/20/2014,60.669,100.8076,80.7255,58.8
8/21/2014,60.767,100.7213,80.559,58.53
8/22/2014,60.436,100.2391,80.3535,58.29
8/25/2014,60.427,100.1155,79.7436,58.01
8/26/2014,60.496,100.3266,79.91,58.24
8/27/2014,60.4678,100.1468,79.6545,58.17
8/28/2014,60.4745,100.3514,79.862,58.27
9/1/2014,60.4735,100.4283,79.3957,58.06
9/2/2014,60.61,100.4853,79.5627,57.81
9/3/2014,60.5445,99.7289,79.5434,57.71
9/4/2014,60.454,99.4589,79.4607,57.6
9/5/2014,60.4385,98.6417,78.1953,57.36
9/8/2014,60.2628,97.5112,77.9439,57.33
9/9/2014,60.4277,97.2463,77.9276,56.88
9/10/2014,60.8256,98.1482,78.6597,57.12
9/11/2014,60.9155,98.6587,78.6358,56.96
9/12/2014,60.84,98.7251,78.6418,56.74
9/15/2014,60.9945,99.0978,79.0306,56.85
9/16/2014,61.1015,99.0455,79.0348,56.96
9/17/2014,60.954,99.3245,78.9659,56.87
9/18/2014,61.0558,99.5515,78.5727,56.13
9/19/2014,60.8055,100.0615,78.4695,55.73
9/22/2014,60.7875,99.2964,78.1606,55.83
9/23/2014,60.8708,99.6333,78.2251,55.98
9/24/2014,61.0293,99.9904,78.3738,56.17
9/25/2014,61.0245,99.4272,77.8429,55.87
9/26/2014,61.572,100.4239,78.4489,56.45
9/29/2014,61.4273,99.7272,77.9328,56.07
9/30/2014,61.6135,100.276,78.206,56.36
10/1/2014,61.7511,100.0677,77.9546,56.24
10/7/2014,61.3595,98.709,77.4664,56.5
10/8/2014,61.4648,98.7678,77.6546,56.69
10/9/2014,61.0368,98.6355,77.7426,56.57
10/10/2014,61.1624,98.6244,77.6701,56.74
10/13/2014,61.2455,98.6849,77.6042,57.08
10/14/2014,61.1078,98.1513,77.6802,57.04
10/16/2014,61.4795,98.2381,78.663,57.83
10/17/2014,61.6165,99.1163,78.8938,58.02
10/20/2014,61.2873,98.6235,78.1536,57.14
10/21/2014,61.2967,99.1597,78.5885,57.63
10/22/2014,61.2355,98.6688,77.965,57.27
10/27/2014,61.229,98.5297,77.7547,56.71
10/28/2014,61.3524,98.9307,77.9237,56.89
10/29/2014,61.3175,99.0032,78.143,56.76
10/30/2014,61.4636,98.2127,77.4503,56.34
10/31/2014,61.408,98.0624,77.1899,55.28
11/3/2014,61.4118,98.0624,76.6665,54.48
11/5/2014,61.387,98.0043,76.9854,53.76
11/7/2014,61.5205,97.3931,76.1562,53.31
11/10/2014,61.4513,97.7567,76.6789,53.86
11/11/2014,61.55,97.526,76.482,53.43
11/12/2014,61.4785,97.923,76.7866,53.34
11/13/2014,61.556,97.0984,76.6126,53.18
11/14/2014,61.6475,96.54,76.6957,53.04
11/17/2014,61.678,96.9393,77.3565,53.28
11/18/2014,61.808,96.7666,77.0931,52.97
11/19/2014,61.828,96.5568,77.421,52.71
11/20/2014,62.1044,97.3176,77.91,52.34
11/21/2014,61.8505,97.0125,77.6224,52.53
11/24/2014,61.7798,96.7842,76.5946,52.41
11/25/2014,61.9195,97.1207,76.9288,52.52
11/26/2014,61.8658,97.2283,77.2147,52.56
11/27/2014,61.865,97.691,77.3746,52.71
11/28/2014,61.9736,97.3667,77.1633,52.45
12/1/2014,62.1377,97.0529,77.3677,52.26
12/2/2014,61.9255,97.3902,77.2149,52.31
12/3/2014,61.8866,96.8278,76.5723,51.93
12/4/2014,61.8771,97.0171,76.1274,51.6
12/5/2014,61.8535,96.7265,76.5313,51.51
12/8/2014,61.9253,96.3743,76.1,50.98
12/9/2014,61.875,96.9024,76.2919,51.61
12/10/2014,61.95,97.1562,76.7499,51.98
12/11/2014,62.2059,97.8001,77.4837,52.68
12/12/2014,62.4422,98.1529,77.3846,52.49
12/15/2014,62.6529,98.5342,78.0154,52.94
12/16/2014,63.4135,99.3055,79.0005,54.09
12/17/2014,63.5813,99.9816,79.394,54.34
12/18/2014,63.3161,98.6781,78.1067,53.39
12/19/2014,63.067,98.7314,77.4589,52.8
12/22/2014,63.1757,98.851,77.4155,52.88
12/23/2014,63.4475,98.8829,77.6217,52.82
12/24/2014,63.4614,98.5111,77.3087,52.73
12/26/2014,63.6355,98.9787,77.7435,52.93
12/29/2014,63.6539,99.1409,77.6005,52.9
12/30/2014,63.7498,98.8759,77.3221,53
12/31/2014,63.3315,98.5818,77.0048,52.93
1/1/2015,63.3213,98.6356,76.5998,52.91
1/2/2015,63.2878,98.3872,76.3061,52.59
1/5/2015,63.3888,96.8454,75.6672,52.61
1/6/2015,63.385,96.7192,75.7958,53.25
1/7/2015,63.4495,95.9864,75.2765,53.3
1/8/2015,62.967,94.9731,74.427,52.53
1/9/2015,62.3953,94.167,73.614,52.23
1/12/2015,62.1605,94.2788,73.7348,52.62
1/13/2015,62.1021,94.0971,73.4171,52.28
1/14/2015,62.153,94.2426,73.297,53.08
1/15/2015,61.7588,94.0154,72.6345,52.4
1/16/2015,61.8933,93.9231,72.0067,53.08
1/19/2015,61.699,93.4123,71.3302,52.68
1/20/2015,61.8475,93.266,71.5699,52.23
1/21/2015,61.614,93.4931,71.3798,52.39
1/22/2015,61.691,93.3261,71.4875,52.17
1/23/2015,61.4988,92.1621,69.6166,51.95
1/27/2015,61.464,92.7676,69.0302,52
1/28/2015,61.4105,93.1843,69.8237,52.06
1/29/2015,61.4998,93.123,69.3287,52.25
1/30/2015,61.7575,93.1303,70.0268,52.4
2/2/2015,61.884,93.2716,69.9413,52.61
2/3/2015,61.7389,92.7071,69.9378,52.76
2/4/2015,61.68,93.5316,70.747,52.42
2/5/2015,61.8748,94.0683,70.1908,52.8
2/6/2015,61.7363,94.6541,70.7868,52.63
2/9/2015,62.141,94.7899,70.3809,52.29
2/10/2015,61.9634,94.4136,70.2045,52.25
2/11/2015,62.1536,94.7221,70.333,52
2/12/2015,62.43,95.0185,70.6333,51.95
2/13/2015,62.136,95.7764,71.0525,52.34
2/16/2015,62.2023,95.9968,71.0039,52.46
2/18/2015,62.245,95.571,71.0091,52.32
2/20/2015,62.255,96.0097,70.7217,52.35
2/23/2015,62.1838,95.7071,70.7589,52.28
2/24/2015,62.2758,96.2099,70.6021,52.24
2/25/2015,62.0468,96.0298,70.4293,52.28
2/26/2015,61.9395,96.2416,70.388,52.06
2/27/2015,61.7908,95.4235,69.286,51.85
3/2/2015,61.8248,95.2658,69.1387,51.62
3/3/2015,61.8387,95.1388,69.247,51.68
3/4/2015,61.8543,94.9649,69.0974,51.7
3/5/2015,62.2015,94.7142,68.602,51.89
3/9/2015,62.616,94.3936,67.9634,51.76
3/10/2015,62.6983,94.549,67.6577,51.47
3/11/2015,62.745,94.6006,67.0995,51.74
3/12/2015,62.5665,93.5682,65.9451,51.57
3/13/2015,62.6733,93.1639,66.4212,51.6
3/16/2015,62.8215,92.825,66.1699,51.84
3/17/2015,62.692,92.991,66.372,51.69
3/18/2015,62.672,92.46,66.3383,51.64
3/19/2015,62.4208,92.9945,67.2896,51.79
3/20/2015,62.4923,92.2636,66.8043,51.79
3/23/2015,62.2879,93.0207,67.3644,51.95
3/24/2015,62.1988,92.9312,68.033,51.99
3/25/2015,62.3419,92.6463,68.121,52.07
3/26/2015,62.6728,93.2634,68.8523,52.75
3/27/2015,62.6069,92.9525,68.1476,52.53
3/30/2015,62.6305,92.9437,68.0606,52.52
3/31/2015,62.5908,92.4591,67.5104,52.11
4/6/2015,62.158,92.7335,68.2308,52.23
4/7/2015,62.3321,92.8312,68.0791,52.14
4/8/2015,62.3295,92.5281,67.5963,51.98
4/9/2015,62.256,92.4937,66.9937,51.77
4/10/2015,62.366,91.6032,66.4884,51.74
4/13/2015,62.3885,91.056,66.163,51.83
4/15/2015,62.4026,92.1499,66.4837,52.19
4/16/2015,62.3685,92.4426,66.5597,52.27
4/17/2015,62.346,93.095,67.1342,52.41
4/20/2015,62.5633,93.5634,67.4933,52.74
4/21/2015,62.92,93.5746,67.3433,52.65
4/22/2015,62.8183,93.8505,67.5862,52.55
4/23/2015,63.185,94.9355,67.6585,52.75
4/24/2015,63.4006,95.4242,68.4853,53.04
4/27/2015,63.6115,96.5559,69.1839,53.45
4/28/2015,63.3305,96.5157,68.9289,53.2
4/29/2015,63.2025,97.0095,69.3395,53.08
4/30/2015,63.578,97.9864,70.5334,53.53
5/5/2015,63.5194,95.9588,70.5383,52.86
5/6/2015,63.6425,96.8066,71.5087,53.1
5/7/2015,63.88,97.2062,72.5102,53.47
5/8/2015,64.0493,99.0394,71.7608,53.41
5/11/2015,63.8495,98.4687,71.5114,53.25
5/12/2015,64.202,100.0331,71.9127,53.43
5/13/2015,64.1895,100.5785,72.0784,53.54
5/14/2015,63.838,100.647,72.8775,53.68
5/15/2015,63.5788,100.2956,72.3781,53.2
5/18/2015,63.5543,99.8629,72.6743,53.12
5/19/2015,63.6868,99.7272,71.9024,53.09
5/20/2015,63.8655,98.8893,70.731,52.76
5/21/2015,63.7,98.9197,70.6688,52.59
5/22/2015,63.5728,99.6694,70.9282,52.66
5/25/2015,63.6228,98.5072,69.9342,52.34
5/26/2015,63.845,98.3788,69.6421,52.11
5/27/2015,63.9475,98.639,69.8562,52.02
5/28/2015,63.901,98.1647,69.7352,51.6
5/29/2015,63.7615,97.7974,69.9081,51.48
6/1/2015,63.6083,97.2698,69.6256,51.2
6/2/2015,63.833,97.1028,69.7376,51.21
6/3/2015,63.8515,98.1206,71.2838,51.52
6/4/2015,64.1775,98.3007,72.251,51.6
6/5/2015,63.8955,97.9774,71.8185,51.33
6/8/2015,64.11,97.8447,71.1172,51.06
6/9/2015,63.936,98.2696,72.3692,51.46
6/10/2015,63.8849,98.4722,72.1452,51.94
6/11/2015,63.891,98.8969,72.3118,51.85
6/12/2015,64.0301,99.2723,71.8994,51.85
6/15/2015,64.0868,99.5717,71.8413,51.93
6/16/2015,64.1505,100.0363,72.272,51.91
6/17/2015,64.1135,100.3184,72.1662,51.91
6/18/2015,63.8495,100.9971,72.4564,51.89
6/19/2015,63.8195,101.256,72.3585,51.83
6/22/2015,63.5098,100.9361,72.3186,51.73
6/23/2015,63.6406,100.4121,71.6275,51.46
6/24/2015,63.66,100.5,71.3119,51.38
6/25/2015,63.6121,99.7947,71.1692,51.4
6/26/2015,63.6042,100.0939,71.2303,51.54
6/29/2015,63.917,100.4008,70.411,52.17
6/30/2015,63.7549,100.1207,71.2015,52.07
7/1/2015,63.6223,99.8934,70.7671,51.85
7/2/2015,63.5705,99.2018,70.3535,51.52
7/3/2015,63.3963,98.9426,70.3319,51.49
7/6/2015,63.5785,99.1062,70.2924,51.89
7/7/2015,63.3749,98.8585,69.9659,51.67
7/8/2015,63.569,98.2205,69.9323,52.17
7/9/2015,63.5065,97.8508,70.4986,52.3
7/10/2015,63.3793,97.6548,70.4334,51.97
7/13/2015,63.4655,98.4731,70.6942,51.77
7/14/2015,63.4978,98.1993,69.7269,51.48
7/15/2015,63.3847,99.1337,69.6851,51.34
7/16/2015,63.4955,99.1736,69.3942,51.28
7/17/2015,63.4928,99.4297,69.1437,51.2
7/20/2015,63.551,99.1014,68.8321,51.2
7/21/2015,63.6506,99.1358,68.9081,51.17
7/22/2015,63.5283,99.1931,69.6016,51.38
7/23/2015,63.7138,99.5719,69.6264,51.37
7/24/2015,63.8916,99.1023,70.121,51.56
7/27/2015,64.0028,99.4348,70.6143,51.85
7/28/2015,64.027,99.7156,70.8843,51.84
7/29/2015,63.8943,99.7134,70.6288,51.75
7/30/2015,64.0061,99.8303,70.0739,51.53
7/31/2015,64.0054,99.8356,70.1627,51.55
8/3/2015,63.9623,99.9347,70.1602,51.56
8/4/2015,63.9315,99.8226,70.0497,51.59
8/5/2015,63.8159,99.1508,69.3104,51.29
8/6/2015,63.7603,99.6,69.7091,51.11
8/7/2015,63.8061,98.925,69.6571,51.13
8/10/2015,63.759,98.7563,69.8799,51.22
8/11/2015,64.1732,99.8471,70.3595,51.37
8/12/2015,64.827,101.0005,71.8218,51.91
8/13/2015,64.9212,101.4394,72.2573,52.16
8/14/2015,65.1225,101.6171,72.5595,52.35
8/17/2015,65.22,102.2324,72.3942,52.42
8/19/2015,65.2525,102.2507,72.1954,52.5
8/20/2015,65.2385,102.2092,72.5713,52.59
8/21/2015,65.8298,103.3857,74.2692,53.55
8/24/2015,66.5093,104.0072,76.2729,54.97
8/25/2015,66.709,105.1,77.1089,56.01
8/26/2015,66.161,103.8794,75.8867,55.28
8/27/2015,66.0605,102.3475,74.9655,55.08
8/28/2015,66.0808,101.923,74.3673,54.54
8/31/2015,66.3062,102.3105,74.495,54.75
9/1/2015,66.2603,101.9945,74.788,55.05
9/2/2015,66.1638,101.2174,74.6063,55.09
9/3/2015,66.228,101.2229,74.3343,54.98
9/4/2015,66.4003,101.1941,73.8903,55.57
9/7/2015,66.7445,101.3649,74.2733,55.93
9/8/2015,66.606,102.3002,74.6054,55.6
9/9/2015,66.2945,101.888,73.9847,55.07
9/10/2015,66.584,102.293,74.7139,55.14
9/11/2015,66.3866,102.5939,74.8974,55
9/14/2015,66.3708,102.5429,75.3242,55.18
9/15/2015,66.4383,102.408,75.0487,55.55
9/16/2015,66.5,101.9977,75.0253,55.34
9/18/2015,65.9255,102.7515,75.1287,55.01
9/21/2015,65.7531,102.1672,74.3799,54.83
9/22/2015,65.625,101.7319,73.2638,54.5
9/23/2015,65.9696,101.1908,73.378,54.92
9/24/2015,66.0993,100.8874,73.9585,55.08
9/28/2015,66.0805,100.3168,73.8119,54.92
9/29/2015,66.1843,100.4611,74.6096,55.42
9/30/2015,65.7418,99.5331,73.7952,54.8
10/1/2015,65.554,99.1701,73.0796,54.54
10/5/2015,65.2905,99.3134,73.3931,54.39
10/6/2015,65.3908,99.054,73.1919,54.41
10/7/2015,65.2571,99.5301,73.4664,54.34
10/8/2015,65.157,99.7814,73.3277,54.41
10/9/2015,64.7848,99.5418,73.0837,53.96
10/12/2015,64.726,99.2962,73.5999,53.86
10/13/2015,65.0215,99.886,73.9164,54.26
10/14/2015,65.1123,99.4981,74.241,54.41
10/15/2015,64.824,100.4124,74.5022,54.61
10/16/2015,64.9697,100.5536,73.994,54.54
10/19/2015,64.8178,100.1176,73.7497,54.36
10/20/2015,64.8908,100.3926,73.5213,54.33
10/21/2015,65.1513,100.535,73.9728,54.31
10/23/2015,64.8815,99.8851,72.0639,53.79
10/26/2015,64.9603,99.5452,71.6447,53.63
10/27/2015,64.9553,99.7324,71.8406,53.83
10/28/2015,65.0408,99.584,71.753,54.01
10/29/2015,65.1515,99.3626,71.2497,53.93
10/30/2015,65.2231,99.9348,71.6671,53.92
11/2/2015,65.4793,101.0608,72.2171,54.38
11/3/2015,65.451,100.9647,72.1008,54.24
11/4/2015,65.568,101.1255,71.797,54.17
11/5/2015,65.6755,101.0221,71.3499,54.05
11/6/2015,65.791,99.9497,71.5477,54
11/9/2015,66.3378,100.0308,71.4458,53.79
11/10/2015,66.3495,100.2806,71.2992,53.8
11/13/2015,66.139,100.5511,71.2648,53.9
11/16/2015,66.169,100.6563,70.9729,54.05
11/17/2015,65.9805,100.1056,70.3484,53.48
11/18/2015,66.1138,100.5128,70.3914,53.63
11/19/2015,66.1105,101.0301,70.7779,53.62
11/20/2015,66.094,101.0379,70.8594,53.82
11/23/2015,66.349,100.6647,70.4693,53.87
11/24/2015,66.384,100.4523,70.5529,54.1
11/26/2015,66.5507,100.6446,70.6968,54.3
11/27/2015,66.7503,100.6795,70.8755,54.53
11/30/2015,66.8148,100.3692,70.6834,54.41
12/1/2015,66.518,100.4355,70.4359,54.13
12/2/2015,66.6158,100.3434,70.666,54.12
12/3/2015,66.745,99.6102,70.6696,54.08
12/4/2015,66.8365,101.0434,73.0456,54.51
12/7/2015,66.6263,100.6524,72.4028,54.05
12/8/2015,66.7983,100.4914,72.5162,54.27
12/9/2015,66.75,100.2919,72.891,54.4
12/10/2015,66.7905,101.3679,73.4629,54.91
12/11/2015,66.786,101.1006,73.104,54.75
12/14/2015,66.994,101.784,73.4656,55.29
12/15/2015,67.0435,101.6715,73.9289,55.49
12/16/2015,66.8468,100.5777,73.1571,54.84
12/17/2015,66.6488,99.6133,72.3273,54.43
12/18/2015,66.4235,99.1703,72.1359,54.48
12/21/2015,66.324,98.9886,72.134,54.67
12/22/2015,66.2985,98.7052,72.3317,54.68
12/23/2015,66.202,98.2967,72.4117,54.74
12/28/2015,66.138,98.6911,72.5534,54.92
12/29/2015,66.37,98.9112,72.8477,55.16
12/30/2015,66.4243,98.5471,72.6018,55.17
12/31/2015,66.326,98.3482,72.501,55.09
1/1/2016,66.178,97.6059,71.8627,55.01
1/4/2016,66.4623,97.9455,72.3907,55.65
1/5/2016,66.5418,97.9562,72.0315,55.71
1/6/2016,66.7165,97.773,71.7002,56.19
1/7/2016,66.9115,97.8514,72.3782,56.78
1/8/2016,66.669,97.4501,72.5292,56.32
1/11/2016,66.7885,97.057,72.9264,56.93
1/12/2016,66.8905,97.1518,72.7434,56.91
1/13/2016,66.8394,96.603,72.4272,56.57
1/14/2016,67.095,96.6369,72.9725,57.01
1/15/2016,67.4325,97.1095,73.3868,57.25
1/18/2016,67.588,96.4819,73.6101,57.68
1/19/2016,67.563,96.4192,73.5018,57.37
1/20/2016,67.9774,96.2016,74.4828,58.24
1/21/2016,68.06,96.5567,74.165,58.3
1/22/2016,67.748,96.4461,73.405,57.38
1/25/2016,67.6428,96.736,73.1219,56.93
1/27/2016,67.9803,97.5109,73.813,57.45
1/28/2016,68.0858,97.0155,74.0637,57.36
1/29/2016,67.8763,97.7554,74.0666,56.26
2/1/2016,67.6728,96.5149,73.4115,55.78
2/2/2016,67.834,97.6131,73.9323,56.21
2/3/2016,68.1825,98.3192,74.4553,56.98
2/4/2016,67.8093,98.7914,75.1327,57.42
2/5/2016,67.6365,98.472,75.7326,57.91
2/8/2016,67.819,98.3308,75.5368,57.75
2/9/2016,68.1623,98.2696,76.3827,59.39
2/10/2016,67.8781,98.2943,76.648,59.21
2/11/2016,68.0155,98.8061,76.8439,60.54
2/12/2016,68.4365,98.9797,77.3606,60.94
2/15/2016,68.1348,99.0067,76.5086,59.84
2/16/2016,68.336,98.4312,76.2425,59.68
2/17/2016,68.592,98.018,76.6104,60.32
2/18/2016,68.494,97.8642,76.3297,60.15
2/22/2016,68.5517,97.8438,76.1952,60.75
2/23/2016,68.6408,96.8934,75.7657,61.12
2/24/2016,68.565,95.8127,75.4695,61.27
2/25/2016,68.599,95.5721,75.6784,61.01
2/26/2016,68.7775,96.089,76.0404,61.03
2/29/2016,68.616,95.1978,75.0796,60.78
3/1/2016,68.158,95.0395,74.2172,60.5
3/2/2016,67.7022,94.6003,73.5314,59.42
3/3/2016,67.3786,94.896,73.1664,59.05
3/4/2016,67.2713,95.2158,73.6688,59.1
3/8/2016,67.338,95.9028,74.193,59.59
3/9/2016,67.4632,95.6965,74.0611,59.92
3/10/2016,67.051,95.2258,73.622,58.99
3/11/2016,67.0868,95.753,74.9427,59.13
3/14/2016,67.023,96.3389,74.8044,58.9
3/15/2016,67.229,95.9223,74.6444,59.31
3/16/2016,67.368,95.1708,74.7583,59.4
3/17/2016,66.8806,95.1644,75.0735,59.59
3/18/2016,66.6088,96.323,75.3012,59.87
3/21/2016,66.504,95.8722,74.9168,59.66
3/22/2016,66.5411,95.7526,74.8987,59.37
3/23/2016,66.864,94.9268,74.9077,59.52
3/28/2016,66.668,94.3019,74.4215,58.72
3/29/2016,66.558,94.6654,74.4717,58.58
3/30/2016,66.4105,95.6311,75.0306,59.11
3/31/2016,66.3329,95.0882,75.0955,59.06
4/4/2016,66.243,94.1578,75.3713,59.44
4/5/2016,66.3248,94.42,75.524,59.98
4/6/2016,66.5807,94.0918,75.629,60.31
4/7/2016,66.4698,94.0415,75.8952,61.04
4/11/2016,66.3925,93.786,75.7538,61.53
4/12/2016,66.495,94.7487,75.9107,61.38
4/13/2016,66.4293,94.6684,75.4637,60.98
4/18/2016,66.6663,94.3928,75.2596,61.73
4/20/2016,66.2406,95.2076,75.2758,60.82
4/21/2016,66.293,95.1437,74.8978,60.48
4/22/2016,66.4925,95.4433,75.1033,60.15
4/25/2016,66.6839,96.3249,74.9527,59.99
4/26/2016,66.733,96.7695,75.1814,60.22
4/27/2016,66.546,96.9242,75.177,59.85
4/28/2016,66.4045,96.831,75.4222,61.32
4/29/2016,66.5176,97.4017,75.7303,61.96
5/2/2016,66.3435,97.0207,76.0562,62.31
5/3/2016,66.2698,97.569,76.6145,62.65
5/4/2016,66.5388,96.8273,76.4597,62.21
5/5/2016,66.5105,96.5865,76.3807,62.15
5/6/2016,66.583,96.3456,75.9313,62.13
5/9/2016,66.4379,95.7702,75.8056,61.73
5/10/2016,66.7224,96.1069,75.9568,61.35
5/11/2016,66.6958,96.4355,75.9665,61.43
5/12/2016,66.5977,96.1538,76.0612,61.16
5/13/2016,66.7609,96.1557,75.7202,61.47
5/16/2016,66.8216,95.9625,75.5953,61.45
5/17/2016,66.7233,96.5953,75.4907,61.07
5/18/2016,66.9131,96.6091,75.4847,61.25
5/19/2016,67.2307,98.0493,75.453,61.01
5/20/2016,67.4076,98.4555,75.5437,61.17
5/23/2016,67.3492,97.7641,75.6197,61.38
5/24/2016,67.706,98.0654,75.9323,61.97
5/25/2016,67.4467,98.5599,75.2098,61.32
5/26/2016,67.2855,98.9501,75.2185,61.34
5/27/2016,67.0613,98.3923,75.0885,61.12
5/30/2016,67.3398,98.4373,74.8415,60.49
5/31/2016,67.203,98.654,74.7902,60.4
6/1/2016,67.3526,97.5333,74.9634,61.31
6/2/2016,67.2533,97.0465,75.3035,61.58
6/3/2016,67.2415,96.9017,74.9944,61.83
6/6/2016,66.9614,96.17,75.9409,62.6
6/7/2016,66.8305,96.9376,75.9194,62.1
6/8/2016,66.737,97.0823,75.8199,62.26
6/9/2016,66.625,96.7195,75.8925,62.41
6/10/2016,66.7948,96.5719,75.4714,62.4
6/13/2016,67.0737,95.1172,75.5116,63.32
6/14/2016,67.152,95.1007,75.7542,63.46
6/15/2016,67.1596,95.1114,75.2859,63.19
6/16/2016,67.2068,95.2388,75.816,64.55
6/17/2016,67.1682,95.5535,75.4568,64.39
6/20/2016,67.4087,98.1538,76.5358,64.44
6/21/2016,67.4767,99.2582,76.4511,64.59
6/22/2016,67.557,99.1534,76.0354,64.61
6/23/2016,67.3702,99.4721,76.3776,64.52
6/24/2016,68.0144,92.9553,75.1015,66.45
6/27/2016,67.9,90.9113,74.8801,66.69
6/28/2016,67.8867,90.1739,75.0623,66.69
6/29/2016,67.7443,90.4928,75.02,66.21
6/30/2016,67.6166,90.5183,75.0071,65.91
7/1/2016,67.441,89.5482,74.7449,65.67
7/4/2016,67.1848,89.302,74.8304,65.47
7/5/2016,67.4028,89.1537,75.0328,66.06
7/7/2016,67.4972,87.6114,74.8274,67
7/8/2016,67.4584,87.3182,74.7169,67.15
7/11/2016,67.1426,86.9161,74.1053,65.89
7/12/2016,67.1471,87.862,74.446,64.94
7/13/2016,67.2046,89.288,74.3484,64.53
7/14/2016,66.9136,88.5468,74.3544,63.38
7/15/2016,67.0655,89.9281,74.6037,63.38
7/18/2016,67.1015,88.6881,74.1673,63.51
7/19/2016,67.1462,88.7203,74.3443,63.35
7/20/2016,67.172,88.0423,73.99,63.23
7/21/2016,67.2035,88.9774,74.1523,62.73
7/22/2016,67.1355,88.9478,74.0303,63.41
7/25/2016,67.243,88.3506,73.7992,63.37
7/26/2016,67.368,88.1712,74.1654,64.58
7/27/2016,67.2362,88.3013,73.8859,63.57
7/28/2016,67.055,88.4254,74.364,64.07
7/29/2016,67.034,88.2972,74.2737,64.69
8/1/2016,66.7412,88.4388,74.5165,65.08
8/2/2016,66.7612,88.0313,74.599,65.32
8/3/2016,66.9368,89.0126,74.9893,66.26
8/4/2016,66.9447,89.0699,74.5965,65.95
8/5/2016,66.8141,87.747,74.451,66.13
8/8/2016,66.7407,87.2768,74.0622,65.4
8/9/2016,66.9633,86.992,74.1752,65.36
8/10/2016,66.7442,87.0411,74.3797,65.84
8/11/2016,66.8571,86.9543,74.6526,65.91
8/12/2016,66.8252,86.6255,74.4633,65.44
8/16/2016,66.8983,86.3389,75.0198,66.68
8/18/2016,66.7939,87.2596,75.5773,66.84
8/19/2016,66.9296,87.9723,75.8714,66.82
8/22/2016,67.194,87.6747,75.8083,66.67
8/23/2016,67.0885,88.2885,76.0381,67.03
8/24/2016,67.132,88.386,75.8055,66.9
8/25/2016,67.0876,88.6563,75.5943,66.84
8/26/2016,67.0299,88.5934,75.7371,66.72
8/29/2016,67.181,88.0138,75.1823,65.62
8/30/2016,67.0879,87.6906,74.9439,65.61
8/31/2016,66.9813,87.6852,74.6239,64.89
9/1/2016,66.9539,88.0511,74.6603,64.78
9/2/2016,66.8405,88.704,74.8012,64.52
9/6/2016,66.5469,88.6471,74.1665,64.2
9/7/2016,66.3618,89.0376,74.6902,65.46
9/8/2016,66.4483,88.6088,74.7676,65.33
9/9/2016,66.5462,88.5863,75.0242,65.13
9/12/2016,66.9017,88.7719,75.2176,65.26
9/14/2016,66.9642,88.4932,75.2075,64.83
9/15/2016,67.0248,88.7073,75.3627,65.58
9/16/2016,66.8804,88.4694,75.1535,65.52
9/19/2016,66.8737,87.2568,74.6845,65.54
9/20/2016,67.02,87.374,74.8814,65.86
9/21/2016,67.0631,87.0077,74.6949,65.49
9/22/2016,66.8451,87.3398,75.0203,66.65
9/23/2016,66.6519,86.9207,74.6701,66.08
9/26/2016,66.7095,86.4689,74.8814,66.13
9/27/2016,66.4627,86.3417,74.7373,65.84
9/28/2016,66.4482,86.4823,74.4552,66.09
9/29/2016,66.5521,86.6109,74.6848,65.43
9/30/2016,66.6596,86.4242,74.7521,66.05
10/3/2016,66.533,85.8675,74.7166,65.7
10/4/2016,66.5559,85.318,74.4428,65.08
10/5/2016,66.5699,84.4772,74.6515,64.7
10/6/2016,66.6322,84.6695,74.5814,64.34
10/7/2016,66.7875,83.2373,74.2744,64.3
10/10/2016,66.5856,82.4796,74.4027,64.56
10/13/2016,66.8473,81.3131,73.6657,64.44
10/14/2016,66.8481,81.4811,73.6867,64.23
10/17/2016,66.7779,81.3088,73.3689,64.12
10/18/2016,66.7268,81.7136,73.5463,64.14
10/19/2016,66.7145,81.7853,73.2125,64.4
10/20/2016,66.7411,81.9114,73.1482,64.35
10/21/2016,66.8943,81.9589,72.975,64.4
10/24/2016,66.8625,81.6725,72.7999,64.43
10/25/2016,66.8777,81.7714,72.7897,64.06
10/26/2016,66.7621,81.363,72.8174,64.13
10/27/2016,66.8854,81.6938,72.9385,63.93
10/28/2016,66.8566,81.2976,72.9071,63.44
11/1/2016,66.714,81.5579,73.1786,63.68
11/2/2016,66.8294,81.8861,73.9534,64.37
11/3/2016,66.6942,82.2473,74.1506,64.95
11/4/2016,66.7219,83.1355,74.0546,64.62
11/7/2016,66.7301,82.9322,73.8435,63.88
11/8/2016,66.7073,82.7104,73.6515,63.91
11/9/2016,66.7968,83.4292,74.9727,65.05
11/10/2016,66.4273,82.5093,72.7113,63.02
11/11/2016,67.0292,84.1753,73.1155,62.94
11/15/2016,67.7173,84.4232,72.7758,62.61
11/16/2016,67.7791,84.6154,72.8422,62.12
11/17/2016,67.9106,84.3178,72.5625,62.1
11/18/2016,68.0937,84.4158,72.2134,61.56
11/21/2016,68.2575,84.2025,72.353,61.45
11/22/2016,68.2317,85.1668,72.4348,61.46
11/23/2016,68.4772,84.9665,72.7844,61.71
11/24/2016,68.656,85.36,72.384,60.9
11/25/2016,68.4626,85.2222,72.3855,60.32
11/28/2016,68.7235,85.8494,73.1768,61.32
11/29/2016,68.6535,85.2265,72.8002,61.25
11/30/2016,68.526,85.5342,72.8431,60.79
12/1/2016,68.3734,85.6992,72.6262,60.01
12/2/2016,68.3689,86.2816,73.0385,59.96
12/5/2016,68.1703,86.5354,72.0424,60.11
12/6/2016,68.0322,86.7274,73.1074,59.68
12/7/2016,67.8707,85.8632,72.7506,59.41
12/8/2016,67.4325,85.2414,72.6113,59.44
12/9/2016,67.584,85.1289,71.7607,59.06
12/13/2016,67.4867,85.5461,71.7654,58.54
12/14/2016,67.5604,85.545,71.918,58.66
12/15/2016,67.7994,85.1154,71.1555,57.72
12/16/2016,67.7777,84.2341,70.7531,57.38
12/19/2016,67.7262,84.5426,70.8416,57.73
12/20/2016,67.8954,84.102,70.4686,57.66
12/21/2016,67.8724,83.9649,70.6077,57.7
12/22/2016,67.9136,83.914,70.8678,57.73
12/23/2016,67.9117,83.4839,70.9474,57.88
12/26/2016,67.8331,83.3126,70.967,57.96
12/27/2016,67.9967,83.4999,71.0498,57.97
12/28/2016,68.225,83.8622,71.452,58.06
12/29/2016,68.1241,83.418,71.2101,58.41
12/30/2016,67.9547,83.4212,71.6175,58.22
1/2/2017,68.0225,83.967,71.5121,58.19
1/3/2017,68.0864,83.7599,71.3818,58.03
1/4/2017,68.1791,83.533,70.9949,57.81
1/5/2017,67.7884,83.7051,71.5574,58.33
1/6/2017,67.9522,84.0976,71.8662,58.5
1/9/2017,68.1863,83.1259,71.8206,58.1
1/10/2017,68.0641,82.6979,72.182,58.88
1/11/2017,68.2276,82.9579,72.3213,58.82
1/12/2017,68.0858,83.194,72.2322,59.45
1/13/2017,68.231,82.9757,72.475,59.4
1/16/2017,68.1558,81.9982,72.4155,59.79
1/17/2017,68.0509,82.4573,72.5014,59.98
1/18/2017,67.9364,83.8403,72.5968,59.97
1/19/2017,68.1766,83.6936,72.5194,59.48
1/20/2017,68.0883,84.1231,72.7319,59.38
1/23/2017,68.0843,84.6492,73.1498,60.1
1/24/2017,68.157,85.1485,73.2347,60.27
1/25/2017,68.1556,85.3104,73.0901,59.98
1/27/2017,68.2043,85.4941,72.7467,59.24
1/30/2017,68.0426,85.5159,72.9621,59.38
1/31/2017,67.8125,84.847,72.5526,59.77
2/1/2017,67.6458,84.9496,72.9154,59.69
2/2/2017,67.448,85.4903,72.7966,59.91
2/3/2017,67.3825,84.3225,72.4429,59.6
2/6/2017,67.1958,83.9208,72.4035,59.73
2/7/2017,67.3692,83.9488,72.0716,60.26
2/8/2017,67.3058,84.1659,71.8759,59.94
2/9/2017,67.0123,83.819,71.5423,59.71
2/10/2017,66.9367,83.7713,71.3344,58.89
2/13/2017,66.9663,83.7614,71.1718,58.89
2/14/2017,66.9439,83.9811,71.0877,59.06
2/15/2017,66.9193,83.4149,70.8207,58.56
2/16/2017,66.9468,83.4358,71.0239,58.75
2/17/2017,67.0467,83.7614,71.5053,59.15
2/20/2017,66.9771,83.1923,71.056,59.16
2/22/2017,66.9644,83.6921,70.5403,58.98
2/23/2017,66.8351,83.1228,70.5444,59.01
2/27/2017,66.7249,82.8923,70.5149,59.51
2/28/2017,66.7375,83.0548,70.7151,59.35
3/1/2017,66.8482,82.718,70.5716,58.91
3/2/2017,66.7433,81.9875,70.3074,58.5
3/3/2017,66.8354,81.9603,70.3509,58.55
3/6/2017,66.7559,81.9762,70.7346,58.67
3/7/2017,66.6347,81.5342,70.5595,58.48
3/8/2017,66.6362,81.3162,70.4011,58.61
3/9/2017,66.7707,81.1665,70.3229,58.33
3/10/2017,66.688,81.0526,70.6426,57.79
3/14/2017,66.18,80.5014,70.4354,57.57
3/15/2017,65.5146,80.0654,69.6224,57.08
3/16/2017,65.3836,80.2649,70.1893,57.73
3/17/2017,65.5411,80.9957,70.6074,57.84
3/20/2017,65.3827,81.0157,70.3779,58.06
3/21/2017,65.3117,80.6273,70.295,57.95
3/22/2017,65.4881,81.6833,70.7206,58.7
3/23/2017,65.422,81.8495,70.6688,58.81
3/24/2017,65.4581,81.6721,70.4656,58.74
3/27/2017,65.0892,81.6479,70.6739,59.08
3/29/2017,64.9552,80.4795,70.1061,58.41
3/30/2017,64.9325,80.7501,69.8739,58.43
3/31/2017,64.8386,80.8797,69.2476,57.96
4/3/2017,64.9103,81.43,69.2788,58.23
4/5/2017,65.0438,80.8755,69.4017,58.76
4/6/2017,64.9791,81.1524,69.3912,58.79
4/7/2017,64.3928,80.2592,68.559,58.19
4/10/2017,64.4418,79.8563,68.2503,57.87
4/11/2017,64.5438,80.1376,68.3067,58.37
4/12/2017,64.692,80.8132,68.6706,59.06
4/13/2017,64.3165,80.8265,68.6193,58.97
4/17/2017,64.4053,80.7192,68.4049,59.39
4/18/2017,64.5657,81.1785,68.7431,59.22
4/19/2017,64.5443,82.7458,69.1915,59.39
4/20/2017,64.6364,82.8057,69.3355,59.35
4/21/2017,64.5701,82.7014,69.1675,59.03
4/24/2017,64.4757,82.458,69.9884,58.56
4/25/2017,64.2776,82.2689,69.8569,58.33
4/26/2017,64.0013,82.1265,70.043,57.47
4/27/2017,64.1141,82.5854,69.8908,57.6
4/28/2017,64.217,82.8271,69.8809,57.72
5/2/2017,64.2072,82.6925,70.0436,57.27
5/3/2017,64.1439,82.7969,70.0323,57.24
5/4/2017,64.2115,82.5631,69.9392,56.95
5/5/2017,64.3079,83.1308,70.5972,57.37
5/8/2017,64.2154,83.2553,70.4957,56.99
5/9/2017,64.5065,83.5295,70.4669,56.9
5/11/2017,64.438,83.415,70.1472,56.48
5/12/2017,64.3043,82.869,69.8859,56.56
5/15/2017,64.1188,82.8351,70.1332,56.48
5/16/2017,64.0758,82.7795,70.5539,56.52
5/17/2017,64.0214,82.7669,71.1598,56.99
5/18/2017,64.3441,83.3063,71.6214,57.8
5/19/2017,64.9906,84.1823,72.2955,58.44
5/22/2017,64.5632,83.9515,72.2333,57.98
5/23/2017,64.7751,84.0327,72.7489,58.37
5/24/2017,64.8586,84.0957,72.473,57.96
5/25/2017,64.5088,83.7711,72.4692,57.74
5/26/2017,64.5945,83.1848,72.3329,57.95
5/29/2017,64.5565,82.8195,72.1354,58.03
5/30/2017,64.6336,82.7892,71.8338,58.24
5/31/2017,64.5459,82.6446,72.143,58.15
6/1/2017,64.4704,82.8703,72.4518,58.07
6/2/2017,64.4208,82.9225,72.2673,57.72
6/5/2017,64.3485,82.7972,72.4886,58.2
6/6/2017,64.3516,83.1616,72.5178,58.71
6/7/2017,64.4538,83.2485,72.6588,58.93
6/8/2017,64.3554,83.4303,72.5092,58.76
6/9/2017,64.2584,81.7495,71.9823,58.31
6/12/2017,64.3407,82.0859,72.1324,58.36
6/13/2017,64.4453,81.7424,72.1465,58.59
6/14/2017,64.3141,82.1098,72.1283,58.45
6/15/2017,64.2801,81.9121,72.1094,58.62
6/16/2017,64.5883,82.5116,72.0482,58.05
6/19/2017,64.3788,82.2053,72.1043,57.98
6/20/2017,64.4672,82.1506,71.9583,57.8
6/21/2017,64.6025,81.5348,71.9413,58.07
6/22/2017,64.495,81.799,72.0732,58.05
6/23/2017,64.5365,81.9743,72.0808,58.01
6/27/2017,64.4572,82.0798,72.1921,57.71
6/28/2017,64.5288,82.6614,73.3757,57.44
6/29/2017,64.4715,83.5615,73.5233,57.4
6/30/2017,64.7379,84.2564,74.0019,57.78
7/3/2017,64.7525,84.1718,73.8567,57.54
7/4/2017,64.8168,83.9118,73.5995,57.49
7/5/2017,64.7209,83.6065,73.5035,57.15
7/6/2017,64.7779,83.8226,73.4322,57.25
7/7/2017,64.7342,83.8826,73.8811,56.94
7/10/2017,64.5405,83.2766,73.5826,56.53
7/11/2017,64.5025,83.0857,73.4361,56.38
7/12/2017,64.4969,82.6915,73.9715,56.85
7/13/2017,64.4384,83.248,73.7884,57.02
7/14/2017,64.4539,83.5451,73.5677,56.9
7/17/2017,64.3666,84.2173,73.6933,57.12
7/18/2017,64.3301,84.2917,74.1469,57.39
7/19/2017,64.3211,83.8554,74.2265,57.43
7/20/2017,64.4273,83.9166,74.188,57.45
7/21/2017,64.3185,83.5369,74.8796,57.53
7/24/2017,64.4494,83.8164,75.1287,58.01
7/25/2017,64.358,83.8778,75.0607,58.05
7/26/2017,64.4208,83.8308,74.9214,57.56
7/27/2017,64.1216,84.2109,75.2082,57.74
7/28/2017,64.1483,83.8867,74.9829,57.78
7/31/2017,64.0773,84.1591,75.2203,57.98
8/1/2017,64.0683,84.6214,75.7415,58.12
8/2/2017,64.069,84.6416,75.7488,57.86
8/3/2017,63.6314,84.1589,75.3905,57.53
8/4/2017,63.7091,83.7074,75.6609,57.85
8/7/2017,63.7375,83.1583,75.1019,57.55
8/8/2017,63.7382,83.1465,75.2876,57.63
8/9/2017,63.7491,82.9248,74.8606,57.94
8/10/2017,63.9437,83.0053,75.0635,58.15
8/11/2017,64.1693,83.2661,75.4567,58.76
8/14/2017,64.0253,83.2777,75.7035,58.43
8/16/2017,64.2428,82.6162,75.3761,58.01
8/18/2017,64.1048,82.6183,75.2078,58.63
8/21/2017,64.0285,82.3983,75.2143,58.68
8/22/2017,64.1099,82.5992,75.6497,58.69
8/23/2017,64.1272,82.2303,75.4072,58.58
8/24/2017,64.0676,81.9361,75.5805,58.67
8/28/2017,63.8701,82.3605,76.2162,58.53
8/29/2017,64.0174,82.8833,76.7505,58.81
8/30/2017,63.9431,82.6209,76.4504,58.16
8/31/2017,64.0154,82.6951,76.0439,57.91
9/1/2017,63.9804,82.6627,76.1047,58.1
9/4/2017,64.0468,82.9662,76.1516,58.51
9/5/2017,64.1164,82.8192,76.2921,58.63
9/6/2017,64.2146,83.6395,76.5438,59.04
9/7/2017,64.0276,83.4664,76.3593,58.7
9/8/2017,63.8664,83.8757,77.0357,59.28
9/11/2017,63.8859,84.2591,76.7334,58.86
9/12/2017,63.9474,84.3594,76.5514,58.41
9/13/2017,63.9818,85.1534,76.663,58.11
9/14/2017,64.0692,84.6867,76.1398,58.02
9/15/2017,64.0774,86.12,76.3995,57.92
9/18/2017,64.0371,87.0841,76.4923,57.57
9/19/2017,64.1769,86.8121,77.0187,57.45
9/20/2017,64.3637,87.0262,77.2493,57.76
9/21/2017,64.5256,87.1547,76.7403,57.3
9/22/2017,64.9596,88.3061,77.7566,57.99
9/25/2017,64.8357,87.9367,77.3036,57.75
9/26/2017,65.3371,88.0744,77.431,58.58
9/27/2017,65.6947,88.1426,77.3686,58.4
9/28/2017,65.7604,87.9808,77.1764,58.18
9/29/2017,65.3552,87.7067,77.0603,58.03
10/3/2017,65.5529,86.8707,76.7756,57.97
10/4/2017,65.2899,86.6266,76.8266,58
10/5/2017,65.1758,86.2145,76.5685,57.77
10/6/2017,65.2276,85.3112,76.2641,57.72
10/9/2017,65.3074,85.6311,76.599,57.99
10/10/2017,65.2652,85.9412,76.8302,57.95
10/11/2017,65.2691,86.1161,77.1677,58.08
10/12/2017,65.1003,86.2319,77.2741,57.98
10/13/2017,64.9301,86.3051,76.8772,58.01
10/16/2017,64.7603,86.0082,76.3912,57.93
10/17/2017,64.9226,86.0354,76.4204,57.87
10/18/2017,65.0649,85.7425,76.5423,57.93
10/23/2017,65.0239,85.8381,76.5136,57.17
10/24/2017,64.9256,85.7927,76.3395,57.18
10/25/2017,65.1386,85.4814,76.59,57.19
10/26/2017,64.7888,85.884,76.6063,57.06
10/27/2017,65.0931,85.3826,75.6837,57
10/30/2017,64.9338,85.375,75.4271,57.13
10/31/2017,64.7745,85.5995,75.4234,57.27
11/1/2017,64.5256,85.6706,75.0755,56.7
11/2/2017,64.593,85.786,75.2831,56.72
11/3/2017,64.5764,84.4272,75.3348,56.66
11/6/2017,64.7267,84.6366,75.1801,56.66
11/7/2017,64.8064,85.3371,75.2273,56.85
11/8/2017,65.0592,85.5724,75.3841,57.12
11/9/2017,64.8967,85.2548,75.3061,57.13
11/10/2017,65.0147,85.5463,75.7356,57.34
11/13/2017,65.4272,85.8209,76.2161,57.68
11/14/2017,65.5171,85.9388,76.4781,57.65
11/15/2017,65.3689,85.9143,77.0634,57.76
11/16/2017,65.2969,86.0483,76.9981,57.81
11/17/2017,64.8462,85.785,76.5574,57.59
11/20/2017,65.0565,85.9331,76.3633,58.08
11/21/2017,65.0386,86.1892,76.3878,57.82
11/22/2017,64.7453,85.8523,76.0757,57.75
11/23/2017,64.7949,86.3327,76.6264,58.22
11/24/2017,64.7328,86.0364,76.7213,58.07
11/27/2017,64.6948,86.1605,77.1421,58.1
11/28/2017,64.4206,85.8469,76.6992,57.94
11/29/2017,64.4058,86.1428,76.3209,57.75
11/30/2017,64.4332,86.798,76.4887,57.46
12/4/2017,64.3799,86.636,76.3739,57.04
12/5/2017,64.3764,86.6378,76.3762,57.15
12/6/2017,64.4467,86.4939,76.2791,57.42
12/7/2017,64.5388,86.3142,76.0848,57.33
12/8/2017,64.4649,87.0405,75.7978,56.84
12/11/2017,64.3616,86.3282,75.8051,56.68
12/12/2017,64.4834,86.0466,75.9292,56.84
12/13/2017,64.4525,85.941,75.7768,56.87
12/14/2017,64.2798,86.3535,75.998,57.06
12/15/2017,64.0958,86.1319,75.5241,57.13
12/18/2017,64.1065,85.5437,75.4277,56.9
12/19/2017,64.1205,85.7932,75.6365,56.98
12/20/2017,64.0577,85.7604,75.8251,56.7
12/21/2017,64.0883,85.6284,76.0344,56.5
12/22/2017,64.0409,85.6739,75.8821,56.51
12/26/2017,64.0538,85.672,76.0255,56.53
12/27/2017,64.1577,85.8366,76.2258,56.68
12/28/2017,64.1716,86.221,76.5631,56.89
12/29/2017,63.9273,86.0653,76.3867,56.72
1/1/2018,63.6697,85.8968,76.41,56.51
1/2/2018,63.6728,86.1111,76.5856,56.52
1/3/2018,63.4833,86.4071,76.5418,56.55
1/4/2018,63.3914,85.7432,76.2472,56.31
1/5/2018,63.3823,86.0225,76.5024,56.06
1/8/2018,63.3482,85.8875,76.1509,55.95
1/9/2018,63.469,86.1528,75.9153,56.33
1/10/2018,63.8264,86.2805,76.1385,56.81
1/11/2018,63.7364,86.0123,76.1395,57.03
1/12/2018,63.5263,86.0527,76.5301,57.09
1/15/2018,63.4125,87.1795,77.4457,57.23
1/16/2018,63.7602,87.9126,78.2019,57.5
1/17/2018,63.9797,88.1256,78.3495,57.74
1/18/2018,63.8431,88.2822,77.8822,57.41
1/19/2018,63.7183,88.6449,78.1441,57.49
1/22/2018,63.8895,88.5956,78.1241,57.64
1/23/2018,63.7722,89.2046,78.2166,57.57
1/24/2018,63.6439,89.3242,78.4538,57.92
1/25/2018,63.4983,90.9169,79.0681,58.36
1/29/2018,63.547,89.8237,78.8682,58.38
1/30/2018,63.7534,89.3886,78.7546,58.62
1/31/2018,63.6878,90.3539,79.2149,58.6
2/1/2018,63.6113,90.1754,78.948,58.09
2/2/2018,64.0781,91.3369,80.0335,58.36
2/5/2018,64.0295,90.4033,79.7295,58.22
2/6/2018,64.2723,89.7177,79.5241,59.05
2/7/2018,64.1377,89.4977,79.4345,58.71
2/8/2018,64.1616,89.191,78.7455,58.5
2/9/2018,64.3686,89.7105,78.8902,59.06
2/12/2018,64.2838,89.0202,78.9341,59.14
2/14/2018,64.1259,89.1735,79.3879,59.84
2/15/2018,63.9222,89.5486,79.679,60.05
2/16/2018,63.9097,90.3108,80.1683,60.46
2/20/2018,64.5254,90.1291,79.8566,60.35
2/21/2018,64.8161,90.6583,79.9442,60.17
2/22/2018,65.0458,90.4137,79.8307,60.55
2/23/2018,64.8227,90.4017,79.7643,60.59
2/26/2018,64.6639,90.6523,79.6983,60.69
2/27/2018,64.8514,90.5844,79.9683,60.71
2/28/2018,65.1031,90.4477,79.5885,60.8
3/1/2018,65.2261,89.7055,79.5041,61.07
3/5/2018,65.053,89.6951,80.0347,61.64
3/6/2018,64.9941,89.9063,80.2092,61.2
3/7/2018,64.9627,90.3371,80.7486,61.55
3/8/2018,64.9212,90.2275,80.5412,61.26
3/9/2018,65.0784,89.8537,80.1636,60.97
3/12/2018,65.0199,90.1241,80.0915,60.96
3/13/2018,64.9567,90.2314,80.0916,60.85
3/14/2018,64.9875,90.8265,80.5845,60.99
3/15/2018,64.9366,90.7229,80.3201,61.27
3/16/2018,64.8737,90.4858,79.9114,61.27
3/19/2018,65.0375,90.5582,79.775,61.5
3/20/2018,65.1993,91.4942,80.4625,61.33
3/21/2018,65.2162,91.3288,79.9616,61.28
3/22/2018,65.0622,92.063,80.3713,61.44
3/23/2018,65.1333,91.9552,80.3354,62.13
3/26/2018,64.9055,91.8672,80.2557,61.82
3/27/2018,64.7973,92.2584,80.7634,61.36
3/28/2018,65.0441,92.2846,80.6222,61.54
4/3/2018,65.024,91.4563,80.0901,61.31
4/4/2018,65.0232,91.4941,79.79,61
4/5/2018,65.0601,91.5005,79.7767,60.78
4/6/2018,64.9884,90.9578,79.5133,60.54
4/9/2018,64.9287,91.4975,79.687,60.66
4/10/2018,64.9368,91.7492,79.9047,60.58
4/11/2018,65.1272,92.5197,80.5884,60.84
4/12/2018,65.3496,92.7049,80.7982,61.15
4/13/2018,65.2226,92.7726,80.3412,60.64
4/16/2018,65.4476,93.2759,80.7362,61.02
4/17/2018,65.6124,94.2063,81.32,61.35
4/18/2018,65.6814,93.9835,81.3004,61.21
4/19/2018,65.7837,93.4194,81.3876,61.22
4/20/2018,66.0167,92.7271,81.458,61.4
4/23/2018,66.2177,92.8438,81.269,61.4
4/24/2018,66.3622,92.5089,81.0548,60.98
4/25/2018,66.6983,93.1375,81.4253,61.12
4/26/2018,66.8299,93.1676,81.3788,61.12
4/27/2018,66.7801,92.8911,80.7438,61.08
5/2/2018,66.6636,90.6625,80.0097,60.71
5/3/2018,66.6093,90.602,79.8579,60.79
5/4/2018,66.7681,90.5843,79.9682,61.17
5/7/2018,67.106,90.8481,80.1179,61.44
5/8/2018,67.0809,91.1361,80.0074,61.56
5/9/2018,67.3815,91.0863,79.746,61.49
5/10/2018,67.3786,91.3856,79.8908,61.34
5/11/2018,67.2203,90.8751,80.0863,61.43
5/14/2018,67.3153,91.2459,80.5091,61.54
5/15/2018,67.5288,91.488,80.5281,61.44
5/16/2018,67.8276,91.6826,80.2943,61.52
5/17/2018,67.7156,91.6463,79.8909,61.28
5/18/2018,67.9577,91.8788,80.2784,61.31
5/21/2018,68.0883,91.4085,79.9289,61.15
5/22/2018,68.0187,91.2471,80.0716,61.25
5/23/2018,68.2139,91.4271,80.24,61.74
5/24/2018,68.3872,91.4405,80.143,62.4
5/25/2018,68.26,91.2158,79.8847,62.38
5/28/2018,67.443,89.888,79.0027,61.57
5/29/2018,67.8201,90.1668,78.6984,62.27
5/30/2018,67.6288,89.7028,78.1992,62.21
5/31/2018,67.4526,89.7929,78.7914,62.04
6/1/2018,67.184,89.1397,78.4104,61.56
6/4/2018,67.0543,89.6181,78.3597,61.14
6/5/2018,67.1794,89.4292,78.5394,61.14
6/6/2018,67.0397,89.9472,78.6778,61.02
6/7/2018,67.0181,90.0455,79.1015,60.91
6/8/2018,67.5228,90.6021,79.5824,61.6
6/11/2018,67.3353,90.3707,79.523,61.24
6/12/2018,67.4571,90.062,79.3498,61.1
6/13/2018,67.6251,90.3336,79.3919,61.15
6/14/2018,67.6875,90.6809,79.9254,61.52
6/15/2018,67.9739,89.9974,78.605,61.34
6/18/2018,68.0248,90.2485,78.8543,61.55
6/19/2018,68.1511,90.3071,79.1575,62.19
6/20/2018,68.0838,89.5983,78.8274,61.82
6/21/2018,68.195,89.581,78.7925,61.61
6/22/2018,67.7695,89.9572,78.8566,61.61
6/25/2018,68.1466,90.2738,79.3499,62.27
6/26/2018,68.1676,90.472,79.7425,62.17
6/27/2018,68.5246,90.6032,79.8654,62.36
6/28/2018,68.9389,90.2134,79.6382,62.53
6/29/2018,68.5753,89.9296,79.8491,62.02
7/2/2018,68.6227,90.431,79.9592,62
7/3/2018,68.6935,90.3457,80.0211,61.91
7/4/2018,68.5312,90.5229,80.0239,62.09
7/5/2018,68.7545,91.0722,80.4771,62.17
7/6/2018,68.8757,91.1432,80.6328,62.25
7/9/2018,68.6573,91.4653,80.7822,62.16
